INSERT INTO ITPARK.CHAT_MESSAGE (ID, CONTENT, CREATED, STATUS, AUTHOR_ID, ROOM_ID) VALUES (69, 'first', '2019-08-17 15:24:29.102000', 0, 1, 1);
INSERT INTO ITPARK.CHAT_MESSAGE (ID, CONTENT, CREATED, STATUS, AUTHOR_ID, ROOM_ID) VALUES (70, 'sdsd', '2019-08-17 17:08:00.840000', 0, 1, 1);
INSERT INTO ITPARK.CHAT_MESSAGE (ID, CONTENT, CREATED, STATUS, AUTHOR_ID, ROOM_ID) VALUES (71, 'second', '2019-08-18 17:04:14.095000', 0, 1, 1);
INSERT INTO ITPARK.CHAT_MESSAGE (ID, CONTENT, CREATED, STATUS, AUTHOR_ID, ROOM_ID) VALUES (72, 'test ! ', '2019-08-18 17:05:01.437000', 0, 1, 1);
INSERT INTO ITPARK.CHAT_MESSAGE (ID, CONTENT, CREATED, STATUS, AUTHOR_ID, ROOM_ID) VALUES (73, 'sdsd', '2019-08-18 17:19:44.604000', 0, 1, 1);
INSERT INTO ITPARK.CHAT_MESSAGE (ID, CONTENT, CREATED, STATUS, AUTHOR_ID, ROOM_ID) VALUES (74, 'hello', '2019-08-18 17:42:39.071000', 0, 3, 2);
INSERT INTO ITPARK.CHAT_MESSAGE (ID, CONTENT, CREATED, STATUS, AUTHOR_ID, ROOM_ID) VALUES (75, 'dratuti', '2019-08-18 17:43:02.662000', 0, 3, 1);
INSERT INTO ITPARK.CHAT_MESSAGE (ID, CONTENT, CREATED, STATUS, AUTHOR_ID, ROOM_ID) VALUES (76, 'ii', '2019-08-18 17:45:00.798000', 0, 3, 4);
INSERT INTO ITPARK.CHAT_MESSAGE (ID, CONTENT, CREATED, STATUS, AUTHOR_ID, ROOM_ID) VALUES (77, 'ffg', '2019-08-18 17:45:09.399000', 0, 1, 4);
INSERT INTO ITPARK.CHAT_MESSAGE (ID, CONTENT, CREATED, STATUS, AUTHOR_ID, ROOM_ID) VALUES (78, 'asdasdad', '2019-08-18 17:45:36.702000', 0, 2, 4);
INSERT INTO ITPARK.CHAT_MESSAGE (ID, CONTENT, CREATED, STATUS, AUTHOR_ID, ROOM_ID) VALUES (79, 'asdasdasd', '2019-08-22 22:03:01.699000', 0, 1, 1);
INSERT INTO ITPARK.CHAT_MESSAGE (ID, CONTENT, CREATED, STATUS, AUTHOR_ID, ROOM_ID) VALUES (80, 'asdasdasd', '2019-08-22 22:03:06.410000', 0, 1, 3);
INSERT INTO ITPARK.CHAT_MESSAGE (ID, CONTENT, CREATED, STATUS, AUTHOR_ID, ROOM_ID) VALUES (81, 'asdasdasdaswqeqe', '2019-08-22 22:03:09.939000', 0, 1, 3);
INSERT INTO ITPARK.CHAT_MESSAGE (ID, CONTENT, CREATED, STATUS, AUTHOR_ID, ROOM_ID) VALUES (82, 'www', '2019-08-22 22:03:15.850000', 0, 1, 2);
INSERT INTO ITPARK.CHAT_MESSAGE (ID, CONTENT, CREATED, STATUS, AUTHOR_ID, ROOM_ID) VALUES (83, 'asdadsasd', '2019-08-22 22:03:19.307000', 0, 1, 4);
INSERT INTO ITPARK.CHAT_MESSAGE (ID, CONTENT, CREATED, STATUS, AUTHOR_ID, ROOM_ID) VALUES (84, 'asdwewe', '2019-08-22 22:03:25.258000', 0, 1, 6);
INSERT INTO ITPARK.CHAT_MESSAGE (ID, CONTENT, CREATED, STATUS, AUTHOR_ID, ROOM_ID) VALUES (85, 'ss', '2019-09-07 02:23:50.608000', 0, 17, 21);

INSERT INTO ITPARK.CHAT_ROOM (ID, ICON, NAME, CREATOR_ID) VALUES (1, null, 'chat#1', 3);
INSERT INTO ITPARK.CHAT_ROOM (ID, ICON, NAME, CREATOR_ID) VALUES (2, null, 'chat#2', 1);
INSERT INTO ITPARK.CHAT_ROOM (ID, ICON, NAME, CREATOR_ID) VALUES (3, null, 'chat#3', 2);
INSERT INTO ITPARK.CHAT_ROOM (ID, ICON, NAME, CREATOR_ID) VALUES (4, null, 'chat#4#for3', 3);
INSERT INTO ITPARK.CHAT_ROOM (ID, ICON, NAME, CREATOR_ID) VALUES (5, null, 'chat#4#for4', 1);
INSERT INTO ITPARK.CHAT_ROOM (ID, ICON, NAME, CREATOR_ID) VALUES (6, null, 'we', 1);
INSERT INTO ITPARK.CHAT_ROOM (ID, ICON, NAME, CREATOR_ID) VALUES (7, null, 'chat test', 1);
INSERT INTO ITPARK.CHAT_ROOM (ID, ICON, NAME, CREATOR_ID) VALUES (8, null, 'wsdsdsd', 1);
INSERT INTO ITPARK.CHAT_ROOM (ID, ICON, NAME, CREATOR_ID) VALUES (9, null, '1234567890', 1);
INSERT INTO ITPARK.CHAT_ROOM (ID, ICON, NAME, CREATOR_ID) VALUES (10, null, '12345678901234', 1);
INSERT INTO ITPARK.CHAT_ROOM (ID, ICON, NAME, CREATOR_ID) VALUES (11, null, '123456789012345', 1);
INSERT INTO ITPARK.CHAT_ROOM (ID, ICON, NAME, CREATOR_ID) VALUES (12, null, 'chat 321', 1);
INSERT INTO ITPARK.CHAT_ROOM (ID, ICON, NAME, CREATOR_ID) VALUES (13, null, 'qweewew', 1);
INSERT INTO ITPARK.CHAT_ROOM (ID, ICON, NAME, CREATOR_ID) VALUES (14, null, 'zxcvdsfg', 1);
INSERT INTO ITPARK.CHAT_ROOM (ID, ICON, NAME, CREATOR_ID) VALUES (15, null, 'asdasdasd', 1);
INSERT INTO ITPARK.CHAT_ROOM (ID, ICON, NAME, CREATOR_ID) VALUES (16, null, 'asdadsddddd', 1);
INSERT INTO ITPARK.CHAT_ROOM (ID, ICON, NAME, CREATOR_ID) VALUES (17, null, '12345', 1);
INSERT INTO ITPARK.CHAT_ROOM (ID, ICON, NAME, CREATOR_ID) VALUES (18, null, 'ertertert', 1);
INSERT INTO ITPARK.CHAT_ROOM (ID, ICON, NAME, CREATOR_ID) VALUES (19, null, 'opopopop', 1);
INSERT INTO ITPARK.CHAT_ROOM (ID, ICON, NAME, CREATOR_ID) VALUES (20, null, 'Mobile', 3);
INSERT INTO ITPARK.CHAT_ROOM (ID, ICON, NAME, CREATOR_ID) VALUES (21, null, 'test', 17);

INSERT INTO ITPARK.CHAT_ROOM_USERS (ROOM_ENTITY_ID, USERS_ID) VALUES (1, 1);
INSERT INTO ITPARK.CHAT_ROOM_USERS (ROOM_ENTITY_ID, USERS_ID) VALUES (1, 3);
INSERT INTO ITPARK.CHAT_ROOM_USERS (ROOM_ENTITY_ID, USERS_ID) VALUES (2, 1);
INSERT INTO ITPARK.CHAT_ROOM_USERS (ROOM_ENTITY_ID, USERS_ID) VALUES (2, 3);
INSERT INTO ITPARK.CHAT_ROOM_USERS (ROOM_ENTITY_ID, USERS_ID) VALUES (3, 2);
INSERT INTO ITPARK.CHAT_ROOM_USERS (ROOM_ENTITY_ID, USERS_ID) VALUES (3, 1);
INSERT INTO ITPARK.CHAT_ROOM_USERS (ROOM_ENTITY_ID, USERS_ID) VALUES (4, 2);
INSERT INTO ITPARK.CHAT_ROOM_USERS (ROOM_ENTITY_ID, USERS_ID) VALUES (4, 1);
INSERT INTO ITPARK.CHAT_ROOM_USERS (ROOM_ENTITY_ID, USERS_ID) VALUES (4, 3);
INSERT INTO ITPARK.CHAT_ROOM_USERS (ROOM_ENTITY_ID, USERS_ID) VALUES (5, 2);
INSERT INTO ITPARK.CHAT_ROOM_USERS (ROOM_ENTITY_ID, USERS_ID) VALUES (6, 1);
INSERT INTO ITPARK.CHAT_ROOM_USERS (ROOM_ENTITY_ID, USERS_ID) VALUES (6, 5);
INSERT INTO ITPARK.CHAT_ROOM_USERS (ROOM_ENTITY_ID, USERS_ID) VALUES (7, 2);
INSERT INTO ITPARK.CHAT_ROOM_USERS (ROOM_ENTITY_ID, USERS_ID) VALUES (7, 8);
INSERT INTO ITPARK.CHAT_ROOM_USERS (ROOM_ENTITY_ID, USERS_ID) VALUES (7, 1);
INSERT INTO ITPARK.CHAT_ROOM_USERS (ROOM_ENTITY_ID, USERS_ID) VALUES (7, 10);
INSERT INTO ITPARK.CHAT_ROOM_USERS (ROOM_ENTITY_ID, USERS_ID) VALUES (7, 5);
INSERT INTO ITPARK.CHAT_ROOM_USERS (ROOM_ENTITY_ID, USERS_ID) VALUES (8, 2);
INSERT INTO ITPARK.CHAT_ROOM_USERS (ROOM_ENTITY_ID, USERS_ID) VALUES (8, 1);
INSERT INTO ITPARK.CHAT_ROOM_USERS (ROOM_ENTITY_ID, USERS_ID) VALUES (8, 6);
INSERT INTO ITPARK.CHAT_ROOM_USERS (ROOM_ENTITY_ID, USERS_ID) VALUES (8, 5);
INSERT INTO ITPARK.CHAT_ROOM_USERS (ROOM_ENTITY_ID, USERS_ID) VALUES (9, 1);
INSERT INTO ITPARK.CHAT_ROOM_USERS (ROOM_ENTITY_ID, USERS_ID) VALUES (9, 7);
INSERT INTO ITPARK.CHAT_ROOM_USERS (ROOM_ENTITY_ID, USERS_ID) VALUES (9, 3);
INSERT INTO ITPARK.CHAT_ROOM_USERS (ROOM_ENTITY_ID, USERS_ID) VALUES (10, 1);
INSERT INTO ITPARK.CHAT_ROOM_USERS (ROOM_ENTITY_ID, USERS_ID) VALUES (10, 3);
INSERT INTO ITPARK.CHAT_ROOM_USERS (ROOM_ENTITY_ID, USERS_ID) VALUES (10, 5);
INSERT INTO ITPARK.CHAT_ROOM_USERS (ROOM_ENTITY_ID, USERS_ID) VALUES (11, 1);
INSERT INTO ITPARK.CHAT_ROOM_USERS (ROOM_ENTITY_ID, USERS_ID) VALUES (11, 3);
INSERT INTO ITPARK.CHAT_ROOM_USERS (ROOM_ENTITY_ID, USERS_ID) VALUES (11, 6);
INSERT INTO ITPARK.CHAT_ROOM_USERS (ROOM_ENTITY_ID, USERS_ID) VALUES (11, 5);
INSERT INTO ITPARK.CHAT_ROOM_USERS (ROOM_ENTITY_ID, USERS_ID) VALUES (12, 1);
INSERT INTO ITPARK.CHAT_ROOM_USERS (ROOM_ENTITY_ID, USERS_ID) VALUES (12, 3);
INSERT INTO ITPARK.CHAT_ROOM_USERS (ROOM_ENTITY_ID, USERS_ID) VALUES (12, 5);
INSERT INTO ITPARK.CHAT_ROOM_USERS (ROOM_ENTITY_ID, USERS_ID) VALUES (13, 2);
INSERT INTO ITPARK.CHAT_ROOM_USERS (ROOM_ENTITY_ID, USERS_ID) VALUES (13, 1);
INSERT INTO ITPARK.CHAT_ROOM_USERS (ROOM_ENTITY_ID, USERS_ID) VALUES (13, 6);
INSERT INTO ITPARK.CHAT_ROOM_USERS (ROOM_ENTITY_ID, USERS_ID) VALUES (14, 1);
INSERT INTO ITPARK.CHAT_ROOM_USERS (ROOM_ENTITY_ID, USERS_ID) VALUES (14, 7);
INSERT INTO ITPARK.CHAT_ROOM_USERS (ROOM_ENTITY_ID, USERS_ID) VALUES (14, 3);
INSERT INTO ITPARK.CHAT_ROOM_USERS (ROOM_ENTITY_ID, USERS_ID) VALUES (15, 1);
INSERT INTO ITPARK.CHAT_ROOM_USERS (ROOM_ENTITY_ID, USERS_ID) VALUES (15, 7);
INSERT INTO ITPARK.CHAT_ROOM_USERS (ROOM_ENTITY_ID, USERS_ID) VALUES (15, 6);
INSERT INTO ITPARK.CHAT_ROOM_USERS (ROOM_ENTITY_ID, USERS_ID) VALUES (16, 11);
INSERT INTO ITPARK.CHAT_ROOM_USERS (ROOM_ENTITY_ID, USERS_ID) VALUES (16, 1);
INSERT INTO ITPARK.CHAT_ROOM_USERS (ROOM_ENTITY_ID, USERS_ID) VALUES (17, 9);
INSERT INTO ITPARK.CHAT_ROOM_USERS (ROOM_ENTITY_ID, USERS_ID) VALUES (17, 1);
INSERT INTO ITPARK.CHAT_ROOM_USERS (ROOM_ENTITY_ID, USERS_ID) VALUES (18, 8);
INSERT INTO ITPARK.CHAT_ROOM_USERS (ROOM_ENTITY_ID, USERS_ID) VALUES (18, 1);
INSERT INTO ITPARK.CHAT_ROOM_USERS (ROOM_ENTITY_ID, USERS_ID) VALUES (18, 7);
INSERT INTO ITPARK.CHAT_ROOM_USERS (ROOM_ENTITY_ID, USERS_ID) VALUES (19, 1);
INSERT INTO ITPARK.CHAT_ROOM_USERS (ROOM_ENTITY_ID, USERS_ID) VALUES (19, 6);
INSERT INTO ITPARK.CHAT_ROOM_USERS (ROOM_ENTITY_ID, USERS_ID) VALUES (19, 5);
INSERT INTO ITPARK.CHAT_ROOM_USERS (ROOM_ENTITY_ID, USERS_ID) VALUES (20, 1);
INSERT INTO ITPARK.CHAT_ROOM_USERS (ROOM_ENTITY_ID, USERS_ID) VALUES (20, 3);
INSERT INTO ITPARK.CHAT_ROOM_USERS (ROOM_ENTITY_ID, USERS_ID) VALUES (20, 5);
INSERT INTO ITPARK.CHAT_ROOM_USERS (ROOM_ENTITY_ID, USERS_ID) VALUES (21, 17);
INSERT INTO ITPARK.CHAT_ROOM_USERS (ROOM_ENTITY_ID, USERS_ID) VALUES (21, 1);
INSERT INTO ITPARK.CHAT_ROOM_USERS (ROOM_ENTITY_ID, USERS_ID) VALUES (21, 3);

INSERT INTO ITPARK.CHAT_USER (ID, ACCOUNT_NON_EXPIRED, ACCOUNT_NON_LOCKED, CREDENTIALS_NON_EXPIRED, ENABLED, NAME, PASSWORD, USERNAME, CREATED) VALUES (1, true, true, true, true, 'mailfrreg@mail.ru', '$2a$10$1ruS3qD3OMVrQQMGTPOhrOpS0OL7KWoZDbmtdI4D/ysKntW8ik1pi', 'mailfrreg@mail.ru', '2019-09-06 23:39:12.288000');
INSERT INTO ITPARK.CHAT_USER (ID, ACCOUNT_NON_EXPIRED, ACCOUNT_NON_LOCKED, CREDENTIALS_NON_EXPIRED, ENABLED, NAME, PASSWORD, USERNAME, CREATED) VALUES (2, true, true, true, true, 'mailfrreg1@mail.ru', '$2a$10$KUMLuhkp3YX6fUzLT3j5tuxcKu8B6HvtfSEoH8dWIUyH8JSvOPj1q', 'mailfrreg1@mail.ru', '2019-09-06 23:39:12.288000');
INSERT INTO ITPARK.CHAT_USER (ID, ACCOUNT_NON_EXPIRED, ACCOUNT_NON_LOCKED, CREDENTIALS_NON_EXPIRED, ENABLED, NAME, PASSWORD, USERNAME, CREATED) VALUES (3, true, true, true, true, 'u3@mail.ru', '$2a$10$.XFfsdNcxvU7PpdckMuNI.Kko/lyLlsk12gz2jOWS9xaLjpulGEeK', 'u3@mail.ru', '2019-09-06 23:39:12.288000');
INSERT INTO ITPARK.CHAT_USER (ID, ACCOUNT_NON_EXPIRED, ACCOUNT_NON_LOCKED, CREDENTIALS_NON_EXPIRED, ENABLED, NAME, PASSWORD, USERNAME, CREATED) VALUES (5, true, true, true, true, 'u4@mail.ru', '$2a$10$dUUkJLAnwVsXkDGjKI1llePmKihiQ.XsKilDIQ4TygcXGFEeLsaAu', 'u4@mail.ru', '2019-09-06 23:39:12.288000');
INSERT INTO ITPARK.CHAT_USER (ID, ACCOUNT_NON_EXPIRED, ACCOUNT_NON_LOCKED, CREDENTIALS_NON_EXPIRED, ENABLED, NAME, PASSWORD, USERNAME, CREATED) VALUES (6, true, true, true, true, 'u5@mail.ru', '$2a$10$f0RVBcNu0LtZnGlECbontuWZUBGHXccBKRtlp6NE.OtZw80VayIr.', 'u5@mail.ru', '2019-09-06 23:39:12.288000');
INSERT INTO ITPARK.CHAT_USER (ID, ACCOUNT_NON_EXPIRED, ACCOUNT_NON_LOCKED, CREDENTIALS_NON_EXPIRED, ENABLED, NAME, PASSWORD, USERNAME, CREATED) VALUES (7, true, true, true, true, 'u6@mail.ru', '$2a$10$y4HgpD7vLKj9jCesHUkgnO5iHXnhGQIOV5XX/ivYMf2O9CxQRblBm', 'u6@mail.ru', '2019-09-06 23:39:12.288000');
INSERT INTO ITPARK.CHAT_USER (ID, ACCOUNT_NON_EXPIRED, ACCOUNT_NON_LOCKED, CREDENTIALS_NON_EXPIRED, ENABLED, NAME, PASSWORD, USERNAME, CREATED) VALUES (8, true, true, true, true, 'u7@mail.ru', '$2a$10$ivt0HkMMDYNcSMaPB6TPSuJIF/iz.ZOWRTGTdtMWi/SI6OI0derya', 'u7@mail.ru', '2019-09-06 23:39:12.288000');
INSERT INTO ITPARK.CHAT_USER (ID, ACCOUNT_NON_EXPIRED, ACCOUNT_NON_LOCKED, CREDENTIALS_NON_EXPIRED, ENABLED, NAME, PASSWORD, USERNAME, CREATED) VALUES (9, true, true, true, true, 'u8@mail.ru', '$2a$10$hgtCODhJY6nhWrvyOzdYgeEKARkjG444vXZieMj9Z2f9bZ3M5LUUy', 'u8@mail.ru', '2019-09-06 23:39:12.288000');
INSERT INTO ITPARK.CHAT_USER (ID, ACCOUNT_NON_EXPIRED, ACCOUNT_NON_LOCKED, CREDENTIALS_NON_EXPIRED, ENABLED, NAME, PASSWORD, USERNAME, CREATED) VALUES (10, true, true, true, true, 'u9@mail.ru', '$2a$10$K8Oz8gIWxc7qdAQPwjiihee9LXsEiEum3qdi2Mb59sowX/.kk/5Q6', 'u9@mail.ru', '2019-09-06 23:39:12.288000');
INSERT INTO ITPARK.CHAT_USER (ID, ACCOUNT_NON_EXPIRED, ACCOUNT_NON_LOCKED, CREDENTIALS_NON_EXPIRED, ENABLED, NAME, PASSWORD, USERNAME, CREATED) VALUES (11, true, true, true, true, 'u10@mail.ru', '$2a$10$Z9R4UgVnzFTjKeEl7HqGwe0tE4DLzBMQ0OVWKKY3/tuWaE3HqErvW', 'u10@mail.ru', '2019-09-06 23:39:12.288000');
INSERT INTO ITPARK.CHAT_USER (ID, ACCOUNT_NON_EXPIRED, ACCOUNT_NON_LOCKED, CREDENTIALS_NON_EXPIRED, ENABLED, NAME, PASSWORD, USERNAME, CREATED) VALUES (17, true, true, true, true, 'i00001@yandex.ru', '$2a$10$MURS07sh2xs46Wi5YBuV0.BiTNpOiAYse9DC5cojAD1xBgrDFZC9G', 'i00001@yandex.ru', '2019-09-07 02:22:31.774000');

